reason,amount,documents,income_name
Repear-Records,51,Capture_gwUT7TY.PNG,Test 1
buy table,1000,Capture_vtY27iJ.PNG,ok
ssss,50000,400998795_663116682619231_841226113596171802_n.jpg,installment
bikroy,4000,400998795_663116682619231_841226113596171802_n_9HA1JMV.jpg,rod
bikroy,9888,400998795_663116682619231_841226113596171802_n_5BZmrrE.jpg,balu
bikroy,7987988,400998795_663116682619231_841226113596171802_n_axIOCjW.jpg,kath
Vzbb,50,17053958171465896593710049526942.jpg,Faagga
bikroy,4121,pexels-photo-38136_ouJ2Gul.jpeg,flat
vhgvhgv,5565,job_content_OoqvZxJ.png,gfhgvh
;jf,2345678,job_content_ngZ0iG9.png,kure
jhgftyhfy,76543456,Purchase_Package_9sApsjc.png,kjhghjk
hudai,9E+14,job_content_bviQtwY.png,Tester
hudai,34466,job_content_Tr9quVQ.png,tester 12
Molestiae at volupta,74,payment_m25mhq7.png,Amery Roberson
Autem ad explicabo,6,vitasoft_1YvCHmf.jpg,Alma Page
Sunt nobis tenetur,94,vitasoft_kUWOD30.jpg,Lilah Mcmahon
Sint et quia soluta,10,vitasoft_bie0H9M.jpg,Lydia Gamble
Numquam incididunt v,54,vitasoft_Bx0V60D.jpg,Conan Rojas
In ipsam consequat,93,vitasoft_1oAydMw.jpg,Wayne Head
Rerum vitae labore v,87,vitasoft_e6ooNkE.jpg,Carissa Anderson
Mollitia minus quia,26,vitasoft_0ZrZYRh.jpg,Lane Tyson
Eaque ea veniam off,22,vitasoft_DQCve8O.jpg,Bell Wall
Sint minim autem dol,11,vitasoft_Q6mmVjn.jpg,Lisandra Franklin
Omnis consequuntur l,4,vitasoft_A83XPtp.jpg,Hasad Navarro
Sed tempora nisi mod,40,vitasoft_tXNJZEP.jpg,Emma Tyson
Molestias quo consec,42,vitasoft_kJkB2wf.jpg,Fritz Chavez
Porro nesciunt comm,80,vitasoft_1WXL5qb.jpg,Leo Rosales
Omnis pariatur Null,35,vitasoft_wWGnK4Y.jpg,Cedric Weber
Itaque ratione sit i,14,vitasoft_yVd2Zko.jpg,Gemma Perez
Saepe enim irure qui,98,vitasoft_seFvbVB.jpg,Hedwig Moreno
Optio ex ut quam ut,64,vitasoft_BLmrAf4.jpg,Cameran Morton
Nihil minus voluptat,85,vitasoft_vPIYX6q.jpg,Tamara Zimmerman
Dolor voluptas vitae,62,vitasoft_Oakor0w.jpg,Aimee Quinn
Vero est non volupt,60,vitasoft_oqmn6Lf.jpg,Vincent Clemons
Vero est quaerat odi,64,vitasoft_Gv7G1ap.jpg,Mona Cochran
Et accusantium ipsam,40,vitasoft_DRWql1B.jpg,Clare Flynn
